insert into seller (seller_id,seller_name,image) values (1,'홈플러스익스프레스','/seller/홈플러스익스프레스.jpeg',37.489612, 126.753342);
insert into seller (seller_id,seller_name,image) values (2,'이마트24','/seller/이마트24.jpg',37.490225, 126.752316);
insert into seller (seller_id,seller_name,image) values (3,'롯데슈퍼','/seller/롯데슈퍼.jpg',37.489195, 126.754273);
insert into seller (seller_id,seller_name,image) values (4,'슈퍼119','/seller/슈퍼119.jpg',37.489297, 126.754563);

INSERT INTO category(category_id,category_name) VALUES (1,'쌀·잡곡');
INSERT INTO category(category_id,category_name) VALUES (2,'조리주방');
INSERT INTO category(category_id,category_name) VALUES (3,'견과·선식·차류');
INSERT INTO category(category_id,category_name) VALUES (4,'채소');
INSERT INTO category(category_id,category_name) VALUES (5,'과일');
INSERT INTO category(category_id,category_name) VALUES (6,'정육·계란');
INSERT INTO category(category_id,category_name) VALUES (7,'생선·건해산물');
INSERT INTO category(category_id,category_name) VALUES (8,'치킨·초밥·베이커리');
INSERT INTO category(category_id,category_name) VALUES (9,'우유·냉장냉동·간편식');
INSERT INTO category(category_id,category_name) VALUES (10,'생수·과자·라면·커피');
INSERT INTO category(category_id,category_name) VALUES (11,'주방·청소·욕실용품');
INSERT INTO category(category_id,category_name) VALUES (12,'생필품');

INSERT INTO product(product_name,image,price,description,recommended_rate_count,recommended_user_count,category_id,seller_id) VALUES ('감','/default/감.jpg',2500,'1kg당',10,5,5,1);
INSERT INTO product(product_name,image,price,description,recommended_rate_count,recommended_user_count,category_id,seller_id) VALUES ('감자','/default/감자.jpg',4320,'1kg당',11,5,4,1);
INSERT INTO product(product_name,image,price,description,recommended_rate_count,recommended_user_count,category_id,seller_id) VALUES ('고구마','/default/고구마.jpg',3250,'1kg당',12,5,4,1);
INSERT INTO product(product_name,image,price,description,recommended_rate_count,recommended_user_count,category_id,seller_id) VALUES ('고무장갑','/default/고무장갑.jpg',5230,'1개당',13,5,11,1);
INSERT INTO product(product_name,image,price,description,recommended_rate_count,recommended_user_count,category_id,seller_id) VALUES ('귤','/default/귤.jpg',3300,'1kg당',14,5,5,1);
INSERT INTO product(product_name,image,price,description,recommended_rate_count,recommended_user_count,category_id,seller_id) VALUES ('두부','/default/두부.jpg',2300,'1개당',15,5,3,1);
INSERT INTO product(product_name,image,price,description,recommended_rate_count,recommended_user_count,category_id,seller_id) VALUES ('미숫가루','/default/미숫가루.jpg',5230,'1개당',16,5,3,1);
INSERT INTO product(product_name,image,price,description,recommended_rate_count,recommended_user_count,category_id,seller_id) VALUES ('생리대','/default/생리대.jpg',4300,'1개당',17,5,12,1);
INSERT INTO product(product_name,image,price,description,recommended_rate_count,recommended_user_count,category_id,seller_id) VALUES ('한우','/default/한우.jpg',13230,'100g당',18,5,6,1);
INSERT INTO product(product_name,image,price,description,recommended_rate_count,recommended_user_count,category_id,seller_id) VALUES ('호두','/default/호두.jpg',3230,'kg당',19,5,3,1);
INSERT INTO product(product_name,image,price,description,recommended_rate_count,recommended_user_count,category_id,seller_id) VALUES ('훈제삼겹','/default/훈제삼겹.jpg',2380,'100g당',20,5,2,1);
INSERT INTO product(product_name,image,price,description,recommended_rate_count,recommended_user_count,category_id,seller_id) VALUES ('굴비세트','/default/굴비.jpg',43500,'1두릅당',21,5,7,1);
INSERT INTO product(product_name,image,price,description,recommended_rate_count,recommended_user_count,category_id,seller_id) VALUES ('쭈꾸미','/default/쭈꾸미.jpg',12500,'1팩당',22,5,7,1);
INSERT INTO product(product_name,image,price,description,recommended_rate_count,recommended_user_count,category_id,seller_id) VALUES ('건오징어','/default/건오징어.jpg',11480,'1팩당',23,5,7,1);
INSERT INTO product(product_name,image,price,description,recommended_rate_count,recommended_user_count,category_id,seller_id) VALUES ('대패삼겹살','/default/대패삼겹살.jpg',15800,'800g',24,5,6,1);
INSERT INTO product(product_name,image,price,description,recommended_rate_count,recommended_user_count,category_id,seller_id) VALUES ('생닭','/default/생닭.jpg',3450,'500g',25,5,6,1);
INSERT INTO product(product_name,image,price,description,recommended_rate_count,recommended_user_count,category_id,seller_id) VALUES ('찹쌀','/default/찹쌀.jpg',21000,'800g',26,6,1,1);
INSERT INTO product(product_name,image,price,description,recommended_rate_count,recommended_user_count,category_id,seller_id) VALUES ('오대쌀','/default/오대쌀.jpg',58000,'20kg',27,6,1,1);
INSERT INTO product(product_name,image,price,description,recommended_rate_count,recommended_user_count,category_id,seller_id) VALUES ('오븐새우구이','/default/오븐새우구이.jpg',8890,'1팩당',28,6,2,1);
INSERT INTO product(product_name,image,price,description,recommended_rate_count,recommended_user_count,category_id,seller_id) VALUES ('연어초밥','/default/연어초밥.jpg',12980,'1팩당',29,6,8,1);
INSERT INTO product(product_name,image,price,description,recommended_rate_count,recommended_user_count,category_id,seller_id) VALUES ('찰보리빵','/default/찰보리빵.jpg',35300,'2.5kg',30,6,8,1);
INSERT INTO product(product_name,image,price,description,recommended_rate_count,recommended_user_count,category_id,seller_id) VALUES ('훈제바베큐치킨','/default/훈제바베큐치킨.jpg',7980,'1마리당',31,7,8,1);
INSERT INTO product(product_name,image,price,description,recommended_rate_count,recommended_user_count,category_id,seller_id) VALUES ('제육김치볶음밥','/default/제육김치볶음밥.jpg',9100,'600g',32,7,9,1);
INSERT INTO product(product_name,image,price,description,recommended_rate_count,recommended_user_count,category_id,seller_id) VALUES ('우유','/default/우유.jpg',2880,'900ml',33,7,9,1);
INSERT INTO product(product_name,image,price,description,recommended_rate_count,recommended_user_count,category_id,seller_id) VALUES ('오라면','/default/오라멘.jpg',2980,'6개',34,7,10,1);
INSERT INTO product(product_name,image,price,description,recommended_rate_count,recommended_user_count,category_id,seller_id) VALUES ('커피원두','/default/커피원두.jpg',16500,'250g',35,7,10,1);
INSERT INTO product(product_name,image,price,description,recommended_rate_count,recommended_user_count,category_id,seller_id) VALUES ('물','/default/물.jpg',2700,'2L*6',36,8,10,1);
INSERT INTO product(product_name,image,price,description,recommended_rate_count,recommended_user_count,category_id,seller_id) VALUES ('옷걸이','/default/옷걸이.jpg',1900,'2개',37,8,11,1);
INSERT INTO product(product_name,image,price,description,recommended_rate_count,recommended_user_count,category_id,seller_id) VALUES ('클리너','/default/클리너.jpg',8000,'10개',38,8,11,1);
INSERT INTO product(product_name,image,price,description,recommended_rate_count,recommended_user_count,category_id,seller_id) VALUES ('감','/default/감.jpg',2500,'1kg당',39,8,5,2);
INSERT INTO product(product_name,image,price,description,recommended_rate_count,recommended_user_count,category_id,seller_id) VALUES ('감자','/default/감자.jpg',4320,'1kg당',40,8,4,2);
INSERT INTO product(product_name,image,price,description,recommended_rate_count,recommended_user_count,category_id,seller_id) VALUES ('고구마','/default/고구마.jpg',3250,'1kg당',41,9,4,2);
INSERT INTO product(product_name,image,price,description,recommended_rate_count,recommended_user_count,category_id,seller_id) VALUES ('고무장갑','/default/고무장갑.jpg',5230,'1개당',42,9,11,2);
INSERT INTO product(product_name,image,price,description,recommended_rate_count,recommended_user_count,category_id,seller_id) VALUES ('귤','/default/귤.jpg',3300,'1kg당',43,9,5,2);
INSERT INTO product(product_name,image,price,description,recommended_rate_count,recommended_user_count,category_id,seller_id) VALUES ('두부','/default/두부.jpg',2300,'1개당',44,9,3,2);
INSERT INTO product(product_name,image,price,description,recommended_rate_count,recommended_user_count,category_id,seller_id) VALUES ('미숫가루','/default/미숫가루.jpg',5230,'1개당',45,9,3,2);
INSERT INTO product(product_name,image,price,description,recommended_rate_count,recommended_user_count,category_id,seller_id) VALUES ('생리대','/default/생리대.jpg',4300,'1개당',46,10,12,2);
INSERT INTO product(product_name,image,price,description,recommended_rate_count,recommended_user_count,category_id,seller_id) VALUES ('한우','/default/한우.jpg',13230,'100g당',47,10,6,2);
INSERT INTO product(product_name,image,price,description,recommended_rate_count,recommended_user_count,category_id,seller_id) VALUES ('호두','/default/호두.jpg',3230,'kg당',48,10,3,2);
INSERT INTO product(product_name,image,price,description,recommended_rate_count,recommended_user_count,category_id,seller_id) VALUES ('훈제삼겹','/default/훈제삼겹.jpg',2380,'100g당',49,10,2,2);
INSERT INTO product(product_name,image,price,description,recommended_rate_count,recommended_user_count,category_id,seller_id) VALUES ('굴비세트','/default/굴비.jpg',43500,'1두릅당',50,10,7,2);
INSERT INTO product(product_name,image,price,description,recommended_rate_count,recommended_user_count,category_id,seller_id) VALUES ('쭈꾸미','/default/쭈꾸미.jpg',12500,'1팩당',51,11,7,2);
INSERT INTO product(product_name,image,price,description,recommended_rate_count,recommended_user_count,category_id,seller_id) VALUES ('건오징어','/default/건오징어.jpg',11480,'1팩당',52,11,7,2);
INSERT INTO product(product_name,image,price,description,recommended_rate_count,recommended_user_count,category_id,seller_id) VALUES ('대패삼겹살','/default/대패삼겹살.jpg',15800,'800g',53,11,6,2);
INSERT INTO product(product_name,image,price,description,recommended_rate_count,recommended_user_count,category_id,seller_id) VALUES ('생닭','/default/생닭.jpg',3450,'500g',54,11,6,2);
INSERT INTO product(product_name,image,price,description,recommended_rate_count,recommended_user_count,category_id,seller_id) VALUES ('찹쌀','/default/찹쌀.jpg',21000,'800g',55,11,1,2);
INSERT INTO product(product_name,image,price,description,recommended_rate_count,recommended_user_count,category_id,seller_id) VALUES ('오대쌀','/default/오대쌀.jpg',58000,'20kg',56,12,1,2);
INSERT INTO product(product_name,image,price,description,recommended_rate_count,recommended_user_count,category_id,seller_id) VALUES ('오븐새우구이','/default/오븐새우구이.jpg',8890,'1팩당',57,12,2,2);
INSERT INTO product(product_name,image,price,description,recommended_rate_count,recommended_user_count,category_id,seller_id) VALUES ('연어초밥','/default/연어초밥.jpg',12980,'1팩당',58,12,8,2);
INSERT INTO product(product_name,image,price,description,recommended_rate_count,recommended_user_count,category_id,seller_id) VALUES ('찰보리빵','/default/찰보리빵.jpg',35300,'2.5kg',59,12,8,2);
INSERT INTO product(product_name,image,price,description,recommended_rate_count,recommended_user_count,category_id,seller_id) VALUES ('훈제바베큐치킨','/default/훈제바베큐치킨.jpg',7980,'1마리당',60,12,8,2);
INSERT INTO product(product_name,image,price,description,recommended_rate_count,recommended_user_count,category_id,seller_id) VALUES ('제육김치볶음밥','/default/제육김치볶음밥.jpg',9100,'600g',61,13,9,2);
INSERT INTO product(product_name,image,price,description,recommended_rate_count,recommended_user_count,category_id,seller_id) VALUES ('우유','/default/우유.jpg',2880,'900ml',62,13,9,2);
INSERT INTO product(product_name,image,price,description,recommended_rate_count,recommended_user_count,category_id,seller_id) VALUES ('오라면','/default/오라멘.jpg',2980,'6개',63,13,10,2);
INSERT INTO product(product_name,image,price,description,recommended_rate_count,recommended_user_count,category_id,seller_id) VALUES ('커피원두','/default/커피원두.jpg',16500,'250g',64,13,10,2);
INSERT INTO product(product_name,image,price,description,recommended_rate_count,recommended_user_count,category_id,seller_id) VALUES ('물','/default/물.jpg',2700,'2L*6',65,13,10,2);
INSERT INTO product(product_name,image,price,description,recommended_rate_count,recommended_user_count,category_id,seller_id) VALUES ('옷걸이','/default/옷걸이.jpg',1900,'2개',66,14,11,2);
INSERT INTO product(product_name,image,price,description,recommended_rate_count,recommended_user_count,category_id,seller_id) VALUES ('클리너','/default/클리너.jpg',8000,'10개',67,14,11,2);
INSERT INTO product(product_name,image,price,description,recommended_rate_count,recommended_user_count,category_id,seller_id) VALUES ('감','/default/감.jpg',2500,'1kg당',68,14,5,3);
INSERT INTO product(product_name,image,price,description,recommended_rate_count,recommended_user_count,category_id,seller_id) VALUES ('감자','/default/감자.jpg',4320,'1kg당',69,14,4,3);
INSERT INTO product(product_name,image,price,description,recommended_rate_count,recommended_user_count,category_id,seller_id) VALUES ('고구마','/default/고구마.jpg',3250,'1kg당',70,14,4,3);
INSERT INTO product(product_name,image,price,description,recommended_rate_count,recommended_user_count,category_id,seller_id) VALUES ('고무장갑','/default/고무장갑.jpg',5230,'1개당',71,15,11,3);
INSERT INTO product(product_name,image,price,description,recommended_rate_count,recommended_user_count,category_id,seller_id) VALUES ('귤','/default/귤.jpg',3300,'1kg당',72,15,5,3);
INSERT INTO product(product_name,image,price,description,recommended_rate_count,recommended_user_count,category_id,seller_id) VALUES ('두부','/default/두부.jpg',2300,'1개당',73,15,3,3);
INSERT INTO product(product_name,image,price,description,recommended_rate_count,recommended_user_count,category_id,seller_id) VALUES ('미숫가루','/default/미숫가루.jpg',5230,'1개당',74,15,3,3);
INSERT INTO product(product_name,image,price,description,recommended_rate_count,recommended_user_count,category_id,seller_id) VALUES ('생리대','/default/생리대.jpg',4300,'1개당',75,15,12,3);
INSERT INTO product(product_name,image,price,description,recommended_rate_count,recommended_user_count,category_id,seller_id) VALUES ('한우','/default/한우.jpg',13230,'100g당',76,16,6,3);
INSERT INTO product(product_name,image,price,description,recommended_rate_count,recommended_user_count,category_id,seller_id) VALUES ('호두','/default/호두.jpg',3230,'kg당',77,16,3,3);
INSERT INTO product(product_name,image,price,description,recommended_rate_count,recommended_user_count,category_id,seller_id) VALUES ('훈제삼겹','/default/훈제삼겹.jpg',2380,'100g당',78,16,2,3);
INSERT INTO product(product_name,image,price,description,recommended_rate_count,recommended_user_count,category_id,seller_id) VALUES ('굴비세트','/default/굴비.jpg',43500,'1두릅당',79,16,7,3);
INSERT INTO product(product_name,image,price,description,recommended_rate_count,recommended_user_count,category_id,seller_id) VALUES ('쭈꾸미','/default/쭈꾸미.jpg',12500,'1팩당',80,16,7,3);
INSERT INTO product(product_name,image,price,description,recommended_rate_count,recommended_user_count,category_id,seller_id) VALUES ('건오징어','/default/건오징어.jpg',11480,'1팩당',81,17,7,3);
INSERT INTO product(product_name,image,price,description,recommended_rate_count,recommended_user_count,category_id,seller_id) VALUES ('대패삼겹살','/default/대패삼겹살.jpg',15800,'800g',82,17,6,3);
INSERT INTO product(product_name,image,price,description,recommended_rate_count,recommended_user_count,category_id,seller_id) VALUES ('생닭','/default/생닭.jpg',3450,'500g',83,17,6,3);
INSERT INTO product(product_name,image,price,description,recommended_rate_count,recommended_user_count,category_id,seller_id) VALUES ('찹쌀','/default/찹쌀.jpg',21000,'800g',84,17,1,3);
INSERT INTO product(product_name,image,price,description,recommended_rate_count,recommended_user_count,category_id,seller_id) VALUES ('오대쌀','/default/오대쌀.jpg',58000,'20kg',85,17,1,3);
INSERT INTO product(product_name,image,price,description,recommended_rate_count,recommended_user_count,category_id,seller_id) VALUES ('오븐새우구이','/default/오븐새우구이.jpg',8890,'1팩당',86,18,2,3);
INSERT INTO product(product_name,image,price,description,recommended_rate_count,recommended_user_count,category_id,seller_id) VALUES ('연어초밥','/default/연어초밥.jpg',12980,'1팩당',87,18,8,3);
INSERT INTO product(product_name,image,price,description,recommended_rate_count,recommended_user_count,category_id,seller_id) VALUES ('찰보리빵','/default/찰보리빵.jpg',35300,'2.5kg',88,18,8,3);
INSERT INTO product(product_name,image,price,description,recommended_rate_count,recommended_user_count,category_id,seller_id) VALUES ('훈제바베큐치킨','/default/훈제바베큐치킨.jpg',7980,'1마리당',89,18,8,3);
INSERT INTO product(product_name,image,price,description,recommended_rate_count,recommended_user_count,category_id,seller_id) VALUES ('제육김치볶음밥','/default/제육김치볶음밥.jpg',9100,'600g',90,18,9,3);
INSERT INTO product(product_name,image,price,description,recommended_rate_count,recommended_user_count,category_id,seller_id) VALUES ('우유','/default/우유.jpg',2880,'900ml',91,19,9,3);
INSERT INTO product(product_name,image,price,description,recommended_rate_count,recommended_user_count,category_id,seller_id) VALUES ('오라면','/default/오라멘.jpg',2980,'6개',92,19,10,3);
INSERT INTO product(product_name,image,price,description,recommended_rate_count,recommended_user_count,category_id,seller_id) VALUES ('커피원두','/default/커피원두.jpg',16500,'250g',93,19,10,3);
INSERT INTO product(product_name,image,price,description,recommended_rate_count,recommended_user_count,category_id,seller_id) VALUES ('물','/default/물.jpg',2700,'2L*6',94,19,10,3);
INSERT INTO product(product_name,image,price,description,recommended_rate_count,recommended_user_count,category_id,seller_id) VALUES ('옷걸이','/default/옷걸이.jpg',1900,'2개',95,19,11,3);
INSERT INTO product(product_name,image,price,description,recommended_rate_count,recommended_user_count,category_id,seller_id) VALUES ('클리너','/default/클리너.jpg',8000,'10개',96,20,11,3);
INSERT INTO product(product_name,image,price,description,recommended_rate_count,recommended_user_count,category_id,seller_id) VALUES ('감','/default/감.jpg',2500,'1kg당',97,20,5,4);
INSERT INTO product(product_name,image,price,description,recommended_rate_count,recommended_user_count,category_id,seller_id) VALUES ('감자','/default/감자.jpg',4320,'1kg당',98,20,4,4);
INSERT INTO product(product_name,image,price,description,recommended_rate_count,recommended_user_count,category_id,seller_id) VALUES ('고구마','/default/고구마.jpg',3250,'1kg당',99,20,4,4);
INSERT INTO product(product_name,image,price,description,recommended_rate_count,recommended_user_count,category_id,seller_id) VALUES ('고무장갑','/default/고무장갑.jpg',5230,'1개당',100,20,11,4);
INSERT INTO product(product_name,image,price,description,recommended_rate_count,recommended_user_count,category_id,seller_id) VALUES ('귤','/default/귤.jpg',3300,'1kg당',101,21,5,4);
INSERT INTO product(product_name,image,price,description,recommended_rate_count,recommended_user_count,category_id,seller_id) VALUES ('두부','/default/두부.jpg',2300,'1개당',102,21,3,4);
INSERT INTO product(product_name,image,price,description,recommended_rate_count,recommended_user_count,category_id,seller_id) VALUES ('미숫가루','/default/미숫가루.jpg',5230,'1개당',103,21,3,4);
INSERT INTO product(product_name,image,price,description,recommended_rate_count,recommended_user_count,category_id,seller_id) VALUES ('생리대','/default/생리대.jpg',4300,'1개당',104,21,12,4);
INSERT INTO product(product_name,image,price,description,recommended_rate_count,recommended_user_count,category_id,seller_id) VALUES ('한우','/default/한우.jpg',13230,'100g당',105,21,6,4);
INSERT INTO product(product_name,image,price,description,recommended_rate_count,recommended_user_count,category_id,seller_id) VALUES ('호두','/default/호두.jpg',3230,'kg당',106,22,3,4);
INSERT INTO product(product_name,image,price,description,recommended_rate_count,recommended_user_count,category_id,seller_id) VALUES ('훈제삼겹','/default/훈제삼겹.jpg',2380,'100g당',107,22,2,4);
INSERT INTO product(product_name,image,price,description,recommended_rate_count,recommended_user_count,category_id,seller_id) VALUES ('굴비세트','/default/굴비.jpg',43500,'1두릅당',108,22,7,4);
INSERT INTO product(product_name,image,price,description,recommended_rate_count,recommended_user_count,category_id,seller_id) VALUES ('쭈꾸미','/default/쭈꾸미.jpg',12500,'1팩당',109,22,7,4);
INSERT INTO product(product_name,image,price,description,recommended_rate_count,recommended_user_count,category_id,seller_id) VALUES ('건오징어','/default/건오징어.jpg',11480,'1팩당',110,22,7,4);
INSERT INTO product(product_name,image,price,description,recommended_rate_count,recommended_user_count,category_id,seller_id) VALUES ('대패삼겹살','/default/대패삼겹살.jpg',15800,'800g',111,23,6,4);
INSERT INTO product(product_name,image,price,description,recommended_rate_count,recommended_user_count,category_id,seller_id) VALUES ('생닭','/default/생닭.jpg',3450,'500g',112,23,6,4);
INSERT INTO product(product_name,image,price,description,recommended_rate_count,recommended_user_count,category_id,seller_id) VALUES ('찹쌀','/default/찹쌀.jpg',21000,'800g',113,23,1,4);
INSERT INTO product(product_name,image,price,description,recommended_rate_count,recommended_user_count,category_id,seller_id) VALUES ('오대쌀','/default/오대쌀.jpg',58000,'20kg',114,23,1,4);
INSERT INTO product(product_name,image,price,description,recommended_rate_count,recommended_user_count,category_id,seller_id) VALUES ('오븐새우구이','/default/오븐새우구이.jpg',8890,'1팩당',115,23,2,4);
INSERT INTO product(product_name,image,price,description,recommended_rate_count,recommended_user_count,category_id,seller_id) VALUES ('연어초밥','/default/연어초밥.jpg',12980,'1팩당',116,24,8,4);
INSERT INTO product(product_name,image,price,description,recommended_rate_count,recommended_user_count,category_id,seller_id) VALUES ('찰보리빵','/default/찰보리빵.jpg',35300,'2.5kg',117,24,8,4);
INSERT INTO product(product_name,image,price,description,recommended_rate_count,recommended_user_count,category_id,seller_id) VALUES ('훈제바베큐치킨','/default/훈제바베큐치킨.jpg',7980,'1마리당',118,24,8,4);
INSERT INTO product(product_name,image,price,description,recommended_rate_count,recommended_user_count,category_id,seller_id) VALUES ('제육김치볶음밥','/default/제육김치볶음밥.jpg',9100,'600g',119,24,9,4);
INSERT INTO product(product_name,image,price,description,recommended_rate_count,recommended_user_count,category_id,seller_id) VALUES ('우유','/default/우유.jpg',2880,'900ml',120,24,9,4);
INSERT INTO product(product_name,image,price,description,recommended_rate_count,recommended_user_count,category_id,seller_id) VALUES ('오라면','/default/오라멘.jpg',2980,'6개',121,25,10,4);
INSERT INTO product(product_name,image,price,description,recommended_rate_count,recommended_user_count,category_id,seller_id) VALUES ('커피원두','/default/커피원두.jpg',16500,'250g',122,25,10,4);
INSERT INTO product(product_name,image,price,description,recommended_rate_count,recommended_user_count,category_id,seller_id) VALUES ('물','/default/물.jpg',2700,'2L*6',123,25,10,4);
INSERT INTO product(product_name,image,price,description,recommended_rate_count,recommended_user_count,category_id,seller_id) VALUES ('옷걸이','/default/옷걸이.jpg',1900,'2개',124,25,11,4);
INSERT INTO product(product_name,image,price,description,recommended_rate_count,recommended_user_count,category_id,seller_id) VALUES ('클리너','/default/클리너.jpg',8000,'10개',125,25,11,4);




